Episode,Length,Reward,IMG,LOG
1,25,-23,frames/image1.gif,frames/log1.csv
2,20,-18,frames/image2.gif,frames/log2.csv
3,96,-94,frames/image3.gif,frames/log3.csv
4,74,-72,frames/image4.gif,frames/log4.csv
5,29,-27,frames/image5.gif,frames/log5.csv
6,15,-13,frames/image6.gif,frames/log6.csv
7,79,-77,frames/image7.gif,frames/log7.csv
8,13,-11,frames/image8.gif,frames/log8.csv
9,11,-9,frames/image9.gif,frames/log9.csv
10,55,-53,frames/image10.gif,frames/log10.csv
11,50,-48,frames/image11.gif,frames/log11.csv
12,11,-9,frames/image12.gif,frames/log12.csv
13,19,-17,frames/image13.gif,frames/log13.csv
14,70,-68,frames/image14.gif,frames/log14.csv
15,14,-12,frames/image15.gif,frames/log15.csv
16,29,-27,frames/image16.gif,frames/log16.csv
17,23,-21,frames/image17.gif,frames/log17.csv
18,11,-9,frames/image18.gif,frames/log18.csv
19,65,-63,frames/image19.gif,frames/log19.csv
20,41,-39,frames/image20.gif,frames/log20.csv
21,29,-27,frames/image21.gif,frames/log21.csv
22,55,-53,frames/image22.gif,frames/log22.csv
23,39,-37,frames/image23.gif,frames/log23.csv
24,126,-124,frames/image24.gif,frames/log24.csv
25,59,-57,frames/image25.gif,frames/log25.csv
26,37,-35,frames/image26.gif,frames/log26.csv
27,39,-37,frames/image27.gif,frames/log27.csv
28,67,-65,frames/image28.gif,frames/log28.csv
29,57,-55,frames/image29.gif,frames/log29.csv
30,79,-77,frames/image30.gif,frames/log30.csv
31,43,-41,frames/image31.gif,frames/log31.csv
32,56,-54,frames/image32.gif,frames/log32.csv
33,17,-15,frames/image33.gif,frames/log33.csv
34,35,-33,frames/image34.gif,frames/log34.csv
35,50,-48,frames/image35.gif,frames/log35.csv
36,10,-8,frames/image36.gif,frames/log36.csv
37,42,-40,frames/image37.gif,frames/log37.csv
38,42,-40,frames/image38.gif,frames/log38.csv
39,17,-15,frames/image39.gif,frames/log39.csv
40,52,-50,frames/image40.gif,frames/log40.csv
41,53,-51,frames/image41.gif,frames/log41.csv
42,34,-32,frames/image42.gif,frames/log42.csv
43,43,-41,frames/image43.gif,frames/log43.csv
44,47,-45,frames/image44.gif,frames/log44.csv
45,20,-18,frames/image45.gif,frames/log45.csv
46,89,-87,frames/image46.gif,frames/log46.csv
47,13,-11,frames/image47.gif,frames/log47.csv
48,30,-28,frames/image48.gif,frames/log48.csv
49,21,-19,frames/image49.gif,frames/log49.csv
50,39,-37,frames/image50.gif,frames/log50.csv
51,11,-9,frames/image51.gif,frames/log51.csv
52,63,-61,frames/image52.gif,frames/log52.csv
53,31,-29,frames/image53.gif,frames/log53.csv
54,30,-28,frames/image54.gif,frames/log54.csv
55,28,-26,frames/image55.gif,frames/log55.csv
56,15,-13,frames/image56.gif,frames/log56.csv
57,52,-50,frames/image57.gif,frames/log57.csv
58,30,-28,frames/image58.gif,frames/log58.csv
59,6,-4,frames/image59.gif,frames/log59.csv
60,34,-32,frames/image60.gif,frames/log60.csv
61,30,-28,frames/image61.gif,frames/log61.csv
62,28,-26,frames/image62.gif,frames/log62.csv
63,13,-11,frames/image63.gif,frames/log63.csv
64,55,-53,frames/image64.gif,frames/log64.csv
65,36,-34,frames/image65.gif,frames/log65.csv
66,11,-9,frames/image66.gif,frames/log66.csv
67,8,-6,frames/image67.gif,frames/log67.csv
68,9,-7,frames/image68.gif,frames/log68.csv
69,24,-22,frames/image69.gif,frames/log69.csv
70,30,-28,frames/image70.gif,frames/log70.csv
71,11,-9,frames/image71.gif,frames/log71.csv
72,22,-20,frames/image72.gif,frames/log72.csv
73,29,-27,frames/image73.gif,frames/log73.csv
74,18,-16,frames/image74.gif,frames/log74.csv
75,12,-10,frames/image75.gif,frames/log75.csv
76,20,-18,frames/image76.gif,frames/log76.csv
77,13,-11,frames/image77.gif,frames/log77.csv
78,14,-12,frames/image78.gif,frames/log78.csv
79,12,-10,frames/image79.gif,frames/log79.csv
80,14,-12,frames/image80.gif,frames/log80.csv
81,10,-8,frames/image81.gif,frames/log81.csv
82,10,-8,frames/image82.gif,frames/log82.csv
83,51,-49,frames/image83.gif,frames/log83.csv
84,18,-16,frames/image84.gif,frames/log84.csv
85,19,-17,frames/image85.gif,frames/log85.csv
86,21,-19,frames/image86.gif,frames/log86.csv
87,20,-18,frames/image87.gif,frames/log87.csv
88,8,-6,frames/image88.gif,frames/log88.csv
89,48,-46,frames/image89.gif,frames/log89.csv
90,19,-17,frames/image90.gif,frames/log90.csv
91,24,-22,frames/image91.gif,frames/log91.csv
92,19,-17,frames/image92.gif,frames/log92.csv
93,24,-22,frames/image93.gif,frames/log93.csv
94,36,-34,frames/image94.gif,frames/log94.csv
95,11,-9,frames/image95.gif,frames/log95.csv
96,13,-11,frames/image96.gif,frames/log96.csv
97,15,-13,frames/image97.gif,frames/log97.csv
98,24,-22,frames/image98.gif,frames/log98.csv
99,13,-11,frames/image99.gif,frames/log99.csv
100,13,-11,frames/image100.gif,frames/log100.csv
101,13,-11,frames/image101.gif,frames/log101.csv
102,23,-21,frames/image102.gif,frames/log102.csv
103,7,-5,frames/image103.gif,frames/log103.csv
104,12,-10,frames/image104.gif,frames/log104.csv
105,10,-8,frames/image105.gif,frames/log105.csv
106,22,-20,frames/image106.gif,frames/log106.csv
107,11,-9,frames/image107.gif,frames/log107.csv
108,23,-21,frames/image108.gif,frames/log108.csv
109,43,-41,frames/image109.gif,frames/log109.csv
110,10,-8,frames/image110.gif,frames/log110.csv
111,8,-6,frames/image111.gif,frames/log111.csv
112,17,-15,frames/image112.gif,frames/log112.csv
113,8,-6,frames/image113.gif,frames/log113.csv
114,12,-10,frames/image114.gif,frames/log114.csv
115,18,-16,frames/image115.gif,frames/log115.csv
116,14,-12,frames/image116.gif,frames/log116.csv
117,11,-9,frames/image117.gif,frames/log117.csv
118,6,-4,frames/image118.gif,frames/log118.csv
119,21,-19,frames/image119.gif,frames/log119.csv
120,38,-36,frames/image120.gif,frames/log120.csv
121,17,-15,frames/image121.gif,frames/log121.csv
122,15,-13,frames/image122.gif,frames/log122.csv
123,10,-8,frames/image123.gif,frames/log123.csv
124,19,-17,frames/image124.gif,frames/log124.csv
125,9,-7,frames/image125.gif,frames/log125.csv
126,23,-21,frames/image126.gif,frames/log126.csv
127,6,-4,frames/image127.gif,frames/log127.csv
128,11,-9,frames/image128.gif,frames/log128.csv
129,30,-28,frames/image129.gif,frames/log129.csv
130,7,-5,frames/image130.gif,frames/log130.csv
131,17,-15,frames/image131.gif,frames/log131.csv
132,38,-36,frames/image132.gif,frames/log132.csv
133,19,-17,frames/image133.gif,frames/log133.csv
134,7,-5,frames/image134.gif,frames/log134.csv
135,12,-10,frames/image135.gif,frames/log135.csv
136,22,-20,frames/image136.gif,frames/log136.csv
137,6,-4,frames/image137.gif,frames/log137.csv
138,18,-16,frames/image138.gif,frames/log138.csv
139,16,-14,frames/image139.gif,frames/log139.csv
140,17,-15,frames/image140.gif,frames/log140.csv
141,20,-18,frames/image141.gif,frames/log141.csv
142,23,-21,frames/image142.gif,frames/log142.csv
143,14,-12,frames/image143.gif,frames/log143.csv
144,21,-19,frames/image144.gif,frames/log144.csv
145,7,-5,frames/image145.gif,frames/log145.csv
146,15,-13,frames/image146.gif,frames/log146.csv
147,7,-5,frames/image147.gif,frames/log147.csv
148,17,-15,frames/image148.gif,frames/log148.csv
149,29,-27,frames/image149.gif,frames/log149.csv
150,8,-6,frames/image150.gif,frames/log150.csv
151,43,-41,frames/image151.gif,frames/log151.csv
152,16,-14,frames/image152.gif,frames/log152.csv
153,6,-4,frames/image153.gif,frames/log153.csv
154,14,-12,frames/image154.gif,frames/log154.csv
155,9,-7,frames/image155.gif,frames/log155.csv
156,26,-24,frames/image156.gif,frames/log156.csv
157,11,-9,frames/image157.gif,frames/log157.csv
158,16,-14,frames/image158.gif,frames/log158.csv
159,32,-30,frames/image159.gif,frames/log159.csv
160,44,-42,frames/image160.gif,frames/log160.csv
161,58,-56,frames/image161.gif,frames/log161.csv
162,6,-4,frames/image162.gif,frames/log162.csv
163,21,-19,frames/image163.gif,frames/log163.csv
164,8,-6,frames/image164.gif,frames/log164.csv
165,16,-14,frames/image165.gif,frames/log165.csv
166,14,-12,frames/image166.gif,frames/log166.csv
167,23,-21,frames/image167.gif,frames/log167.csv
168,10,-8,frames/image168.gif,frames/log168.csv
169,16,-14,frames/image169.gif,frames/log169.csv
170,12,-10,frames/image170.gif,frames/log170.csv
171,10,-8,frames/image171.gif,frames/log171.csv
172,22,-20,frames/image172.gif,frames/log172.csv
173,14,-12,frames/image173.gif,frames/log173.csv
174,8,-6,frames/image174.gif,frames/log174.csv
175,20,-18,frames/image175.gif,frames/log175.csv
176,16,-14,frames/image176.gif,frames/log176.csv
177,11,-9,frames/image177.gif,frames/log177.csv
178,13,-11,frames/image178.gif,frames/log178.csv
179,19,-17,frames/image179.gif,frames/log179.csv
180,40,-38,frames/image180.gif,frames/log180.csv
181,8,-6,frames/image181.gif,frames/log181.csv
182,29,-27,frames/image182.gif,frames/log182.csv
183,34,-32,frames/image183.gif,frames/log183.csv
184,20,-18,frames/image184.gif,frames/log184.csv
185,33,-31,frames/image185.gif,frames/log185.csv
186,16,-14,frames/image186.gif,frames/log186.csv
187,9,-7,frames/image187.gif,frames/log187.csv
188,44,-42,frames/image188.gif,frames/log188.csv
189,15,-13,frames/image189.gif,frames/log189.csv
190,18,-16,frames/image190.gif,frames/log190.csv
191,45,-43,frames/image191.gif,frames/log191.csv
192,9,-7,frames/image192.gif,frames/log192.csv
193,7,-5,frames/image193.gif,frames/log193.csv
194,21,-19,frames/image194.gif,frames/log194.csv
195,19,-17,frames/image195.gif,frames/log195.csv
196,15,-13,frames/image196.gif,frames/log196.csv
197,29,-27,frames/image197.gif,frames/log197.csv
198,7,-5,frames/image198.gif,frames/log198.csv
199,7,-5,frames/image199.gif,frames/log199.csv
200,18,-16,frames/image200.gif,frames/log200.csv
201,7,-5,frames/image201.gif,frames/log201.csv
202,61,-59,frames/image202.gif,frames/log202.csv
203,13,-11,frames/image203.gif,frames/log203.csv
204,16,-14,frames/image204.gif,frames/log204.csv
205,9,-7,frames/image205.gif,frames/log205.csv
206,6,-4,frames/image206.gif,frames/log206.csv
207,23,-21,frames/image207.gif,frames/log207.csv
208,22,-20,frames/image208.gif,frames/log208.csv
209,23,-21,frames/image209.gif,frames/log209.csv
210,12,-10,frames/image210.gif,frames/log210.csv
211,39,-37,frames/image211.gif,frames/log211.csv
212,28,-26,frames/image212.gif,frames/log212.csv
213,12,-10,frames/image213.gif,frames/log213.csv
214,53,-51,frames/image214.gif,frames/log214.csv
215,14,-12,frames/image215.gif,frames/log215.csv
216,45,-43,frames/image216.gif,frames/log216.csv
217,19,-17,frames/image217.gif,frames/log217.csv
218,12,-10,frames/image218.gif,frames/log218.csv
219,18,-16,frames/image219.gif,frames/log219.csv
220,18,-16,frames/image220.gif,frames/log220.csv
221,63,-61,frames/image221.gif,frames/log221.csv
222,31,-29,frames/image222.gif,frames/log222.csv
223,28,-26,frames/image223.gif,frames/log223.csv
224,17,-15,frames/image224.gif,frames/log224.csv
225,19,-17,frames/image225.gif,frames/log225.csv
226,12,-10,frames/image226.gif,frames/log226.csv
227,12,-10,frames/image227.gif,frames/log227.csv
228,8,-6,frames/image228.gif,frames/log228.csv
229,23,-21,frames/image229.gif,frames/log229.csv
230,23,-21,frames/image230.gif,frames/log230.csv
231,17,-15,frames/image231.gif,frames/log231.csv
232,22,-20,frames/image232.gif,frames/log232.csv
233,6,-4,frames/image233.gif,frames/log233.csv
234,8,-6,frames/image234.gif,frames/log234.csv
235,10,-8,frames/image235.gif,frames/log235.csv
236,21,-19,frames/image236.gif,frames/log236.csv
237,13,-11,frames/image237.gif,frames/log237.csv
238,21,-19,frames/image238.gif,frames/log238.csv
239,14,-12,frames/image239.gif,frames/log239.csv
240,20,-18,frames/image240.gif,frames/log240.csv
241,16,-14,frames/image241.gif,frames/log241.csv
242,16,-14,frames/image242.gif,frames/log242.csv
243,10,-8,frames/image243.gif,frames/log243.csv
244,6,-4,frames/image244.gif,frames/log244.csv
245,16,-14,frames/image245.gif,frames/log245.csv
246,12,-10,frames/image246.gif,frames/log246.csv
247,8,-6,frames/image247.gif,frames/log247.csv
248,14,-12,frames/image248.gif,frames/log248.csv
249,37,-35,frames/image249.gif,frames/log249.csv
250,23,-21,frames/image250.gif,frames/log250.csv
251,15,-13,frames/image251.gif,frames/log251.csv
252,16,-14,frames/image252.gif,frames/log252.csv
253,12,-10,frames/image253.gif,frames/log253.csv
254,19,-17,frames/image254.gif,frames/log254.csv
255,23,-21,frames/image255.gif,frames/log255.csv
256,6,-4,frames/image256.gif,frames/log256.csv
257,24,-22,frames/image257.gif,frames/log257.csv
258,8,-6,frames/image258.gif,frames/log258.csv
259,9,-7,frames/image259.gif,frames/log259.csv
260,8,-6,frames/image260.gif,frames/log260.csv
261,9,-7,frames/image261.gif,frames/log261.csv
262,30,-28,frames/image262.gif,frames/log262.csv
263,10,-8,frames/image263.gif,frames/log263.csv
264,20,-18,frames/image264.gif,frames/log264.csv
265,7,-5,frames/image265.gif,frames/log265.csv
266,6,-4,frames/image266.gif,frames/log266.csv
267,12,-10,frames/image267.gif,frames/log267.csv
268,26,-24,frames/image268.gif,frames/log268.csv
269,11,-9,frames/image269.gif,frames/log269.csv
270,17,-15,frames/image270.gif,frames/log270.csv
271,17,-15,frames/image271.gif,frames/log271.csv
272,8,-6,frames/image272.gif,frames/log272.csv
273,19,-17,frames/image273.gif,frames/log273.csv
274,9,-7,frames/image274.gif,frames/log274.csv
275,15,-13,frames/image275.gif,frames/log275.csv
276,19,-17,frames/image276.gif,frames/log276.csv
277,7,-5,frames/image277.gif,frames/log277.csv
278,8,-6,frames/image278.gif,frames/log278.csv
279,7,-5,frames/image279.gif,frames/log279.csv
280,24,-22,frames/image280.gif,frames/log280.csv
281,8,-6,frames/image281.gif,frames/log281.csv
282,9,-7,frames/image282.gif,frames/log282.csv
283,23,-21,frames/image283.gif,frames/log283.csv
284,6,-4,frames/image284.gif,frames/log284.csv
285,11,-9,frames/image285.gif,frames/log285.csv
286,12,-10,frames/image286.gif,frames/log286.csv
287,10,-8,frames/image287.gif,frames/log287.csv
288,7,-5,frames/image288.gif,frames/log288.csv
289,6,-4,frames/image289.gif,frames/log289.csv
290,11,-9,frames/image290.gif,frames/log290.csv
291,6,-4,frames/image291.gif,frames/log291.csv
292,8,-6,frames/image292.gif,frames/log292.csv
293,7,-5,frames/image293.gif,frames/log293.csv
294,13,-11,frames/image294.gif,frames/log294.csv
295,10,-8,frames/image295.gif,frames/log295.csv
296,7,-5,frames/image296.gif,frames/log296.csv
297,11,-9,frames/image297.gif,frames/log297.csv
298,16,-14,frames/image298.gif,frames/log298.csv
299,8,-6,frames/image299.gif,frames/log299.csv
300,8,-6,frames/image300.gif,frames/log300.csv
301,6,-4,frames/image301.gif,frames/log301.csv
302,7,-5,frames/image302.gif,frames/log302.csv
303,6,-4,frames/image303.gif,frames/log303.csv
304,6,-4,frames/image304.gif,frames/log304.csv
305,6,-4,frames/image305.gif,frames/log305.csv
306,9,-7,frames/image306.gif,frames/log306.csv
307,8,-6,frames/image307.gif,frames/log307.csv
308,10,-8,frames/image308.gif,frames/log308.csv
309,6,-4,frames/image309.gif,frames/log309.csv
310,8,-6,frames/image310.gif,frames/log310.csv
311,7,-5,frames/image311.gif,frames/log311.csv
312,13,-11,frames/image312.gif,frames/log312.csv
313,10,-8,frames/image313.gif,frames/log313.csv
314,6,-4,frames/image314.gif,frames/log314.csv
315,9,-7,frames/image315.gif,frames/log315.csv
316,8,-6,frames/image316.gif,frames/log316.csv
317,6,-4,frames/image317.gif,frames/log317.csv
318,20,-18,frames/image318.gif,frames/log318.csv
319,9,-7,frames/image319.gif,frames/log319.csv
320,7,-5,frames/image320.gif,frames/log320.csv
321,6,-4,frames/image321.gif,frames/log321.csv
322,6,-4,frames/image322.gif,frames/log322.csv
323,6,-4,frames/image323.gif,frames/log323.csv
324,10,-8,frames/image324.gif,frames/log324.csv
325,14,-12,frames/image325.gif,frames/log325.csv
326,10,-8,frames/image326.gif,frames/log326.csv
327,8,-6,frames/image327.gif,frames/log327.csv
328,9,-7,frames/image328.gif,frames/log328.csv
329,13,-11,frames/image329.gif,frames/log329.csv
330,9,-7,frames/image330.gif,frames/log330.csv
331,9,-7,frames/image331.gif,frames/log331.csv
332,6,-4,frames/image332.gif,frames/log332.csv
333,10,-8,frames/image333.gif,frames/log333.csv
334,16,-14,frames/image334.gif,frames/log334.csv
335,9,-7,frames/image335.gif,frames/log335.csv
336,8,-6,frames/image336.gif,frames/log336.csv
337,7,-5,frames/image337.gif,frames/log337.csv
338,16,-14,frames/image338.gif,frames/log338.csv
339,6,-4,frames/image339.gif,frames/log339.csv
340,8,-6,frames/image340.gif,frames/log340.csv
341,8,-6,frames/image341.gif,frames/log341.csv
342,8,-6,frames/image342.gif,frames/log342.csv
343,8,-6,frames/image343.gif,frames/log343.csv
344,7,-5,frames/image344.gif,frames/log344.csv
345,8,-6,frames/image345.gif,frames/log345.csv
346,8,-6,frames/image346.gif,frames/log346.csv
347,8,-6,frames/image347.gif,frames/log347.csv
348,8,-6,frames/image348.gif,frames/log348.csv
349,6,-4,frames/image349.gif,frames/log349.csv
350,11,-9,frames/image350.gif,frames/log350.csv
351,12,-10,frames/image351.gif,frames/log351.csv
352,11,-9,frames/image352.gif,frames/log352.csv
353,6,-4,frames/image353.gif,frames/log353.csv
354,25,-23,frames/image354.gif,frames/log354.csv
355,8,-6,frames/image355.gif,frames/log355.csv
356,9,-7,frames/image356.gif,frames/log356.csv
357,13,-11,frames/image357.gif,frames/log357.csv
358,7,-5,frames/image358.gif,frames/log358.csv
359,8,-6,frames/image359.gif,frames/log359.csv
360,6,-4,frames/image360.gif,frames/log360.csv
361,8,-6,frames/image361.gif,frames/log361.csv
362,6,-4,frames/image362.gif,frames/log362.csv
363,9,-7,frames/image363.gif,frames/log363.csv
364,6,-4,frames/image364.gif,frames/log364.csv
365,6,-4,frames/image365.gif,frames/log365.csv
366,6,-4,frames/image366.gif,frames/log366.csv
367,13,-11,frames/image367.gif,frames/log367.csv
368,6,-4,frames/image368.gif,frames/log368.csv
369,19,-17,frames/image369.gif,frames/log369.csv
370,9,-7,frames/image370.gif,frames/log370.csv
371,9,-7,frames/image371.gif,frames/log371.csv
372,6,-4,frames/image372.gif,frames/log372.csv
373,6,-4,frames/image373.gif,frames/log373.csv
374,11,-9,frames/image374.gif,frames/log374.csv
375,11,-9,frames/image375.gif,frames/log375.csv
376,8,-6,frames/image376.gif,frames/log376.csv
377,8,-6,frames/image377.gif,frames/log377.csv
378,12,-10,frames/image378.gif,frames/log378.csv
379,8,-6,frames/image379.gif,frames/log379.csv
380,8,-6,frames/image380.gif,frames/log380.csv
381,11,-9,frames/image381.gif,frames/log381.csv
382,8,-6,frames/image382.gif,frames/log382.csv
383,7,-5,frames/image383.gif,frames/log383.csv
384,6,-4,frames/image384.gif,frames/log384.csv
385,13,-11,frames/image385.gif,frames/log385.csv
386,10,-8,frames/image386.gif,frames/log386.csv
387,6,-4,frames/image387.gif,frames/log387.csv
388,10,-8,frames/image388.gif,frames/log388.csv
389,6,-4,frames/image389.gif,frames/log389.csv
390,7,-5,frames/image390.gif,frames/log390.csv
391,7,-5,frames/image391.gif,frames/log391.csv
392,7,-5,frames/image392.gif,frames/log392.csv
393,8,-6,frames/image393.gif,frames/log393.csv
394,8,-6,frames/image394.gif,frames/log394.csv
395,6,-4,frames/image395.gif,frames/log395.csv
396,8,-6,frames/image396.gif,frames/log396.csv
397,6,-4,frames/image397.gif,frames/log397.csv
398,8,-6,frames/image398.gif,frames/log398.csv
399,10,-8,frames/image399.gif,frames/log399.csv
400,7,-5,frames/image400.gif,frames/log400.csv
401,6,-4,frames/image401.gif,frames/log401.csv
402,6,-4,frames/image402.gif,frames/log402.csv
403,6,-4,frames/image403.gif,frames/log403.csv
404,6,-4,frames/image404.gif,frames/log404.csv
405,6,-4,frames/image405.gif,frames/log405.csv
406,6,-4,frames/image406.gif,frames/log406.csv
407,9,-7,frames/image407.gif,frames/log407.csv
408,6,-4,frames/image408.gif,frames/log408.csv
409,6,-4,frames/image409.gif,frames/log409.csv
410,8,-6,frames/image410.gif,frames/log410.csv
411,6,-4,frames/image411.gif,frames/log411.csv
412,6,-4,frames/image412.gif,frames/log412.csv
413,7,-5,frames/image413.gif,frames/log413.csv
414,7,-5,frames/image414.gif,frames/log414.csv
415,6,-4,frames/image415.gif,frames/log415.csv
416,6,-4,frames/image416.gif,frames/log416.csv
417,9,-7,frames/image417.gif,frames/log417.csv
418,6,-4,frames/image418.gif,frames/log418.csv
419,8,-6,frames/image419.gif,frames/log419.csv
420,6,-4,frames/image420.gif,frames/log420.csv
421,9,-7,frames/image421.gif,frames/log421.csv
422,6,-4,frames/image422.gif,frames/log422.csv
423,12,-10,frames/image423.gif,frames/log423.csv
424,6,-4,frames/image424.gif,frames/log424.csv
425,10,-8,frames/image425.gif,frames/log425.csv
426,6,-4,frames/image426.gif,frames/log426.csv
427,6,-4,frames/image427.gif,frames/log427.csv
428,6,-4,frames/image428.gif,frames/log428.csv
429,7,-5,frames/image429.gif,frames/log429.csv
430,7,-5,frames/image430.gif,frames/log430.csv
431,15,-13,frames/image431.gif,frames/log431.csv
432,11,-9,frames/image432.gif,frames/log432.csv
433,17,-15,frames/image433.gif,frames/log433.csv
434,12,-10,frames/image434.gif,frames/log434.csv
435,8,-6,frames/image435.gif,frames/log435.csv
436,11,-9,frames/image436.gif,frames/log436.csv
437,8,-6,frames/image437.gif,frames/log437.csv
438,7,-5,frames/image438.gif,frames/log438.csv
439,6,-4,frames/image439.gif,frames/log439.csv
440,6,-4,frames/image440.gif,frames/log440.csv
441,7,-5,frames/image441.gif,frames/log441.csv
442,10,-8,frames/image442.gif,frames/log442.csv
443,6,-4,frames/image443.gif,frames/log443.csv
444,6,-4,frames/image444.gif,frames/log444.csv
445,6,-4,frames/image445.gif,frames/log445.csv
446,6,-4,frames/image446.gif,frames/log446.csv
447,6,-4,frames/image447.gif,frames/log447.csv
448,8,-6,frames/image448.gif,frames/log448.csv
449,6,-4,frames/image449.gif,frames/log449.csv
450,6,-4,frames/image450.gif,frames/log450.csv
451,8,-6,frames/image451.gif,frames/log451.csv
452,8,-6,frames/image452.gif,frames/log452.csv
453,8,-6,frames/image453.gif,frames/log453.csv
454,6,-4,frames/image454.gif,frames/log454.csv
455,8,-6,frames/image455.gif,frames/log455.csv
456,6,-4,frames/image456.gif,frames/log456.csv
457,8,-6,frames/image457.gif,frames/log457.csv
458,6,-4,frames/image458.gif,frames/log458.csv
459,6,-4,frames/image459.gif,frames/log459.csv
460,6,-4,frames/image460.gif,frames/log460.csv
461,6,-4,frames/image461.gif,frames/log461.csv
462,6,-4,frames/image462.gif,frames/log462.csv
463,6,-4,frames/image463.gif,frames/log463.csv
464,10,-8,frames/image464.gif,frames/log464.csv
465,6,-4,frames/image465.gif,frames/log465.csv
466,6,-4,frames/image466.gif,frames/log466.csv
467,6,-4,frames/image467.gif,frames/log467.csv
468,6,-4,frames/image468.gif,frames/log468.csv
469,6,-4,frames/image469.gif,frames/log469.csv
470,7,-5,frames/image470.gif,frames/log470.csv
471,6,-4,frames/image471.gif,frames/log471.csv
472,6,-4,frames/image472.gif,frames/log472.csv
473,10,-8,frames/image473.gif,frames/log473.csv
474,6,-4,frames/image474.gif,frames/log474.csv
475,6,-4,frames/image475.gif,frames/log475.csv
476,6,-4,frames/image476.gif,frames/log476.csv
477,6,-4,frames/image477.gif,frames/log477.csv
478,6,-4,frames/image478.gif,frames/log478.csv
479,6,-4,frames/image479.gif,frames/log479.csv
480,6,-4,frames/image480.gif,frames/log480.csv
481,7,-5,frames/image481.gif,frames/log481.csv
482,7,-5,frames/image482.gif,frames/log482.csv
483,6,-4,frames/image483.gif,frames/log483.csv
484,6,-4,frames/image484.gif,frames/log484.csv
485,6,-4,frames/image485.gif,frames/log485.csv
486,10,-8,frames/image486.gif,frames/log486.csv
487,6,-4,frames/image487.gif,frames/log487.csv
488,7,-5,frames/image488.gif,frames/log488.csv
489,8,-6,frames/image489.gif,frames/log489.csv
490,7,-5,frames/image490.gif,frames/log490.csv
491,12,-10,frames/image491.gif,frames/log491.csv
492,12,-10,frames/image492.gif,frames/log492.csv
493,9,-7,frames/image493.gif,frames/log493.csv
494,9,-7,frames/image494.gif,frames/log494.csv
495,8,-6,frames/image495.gif,frames/log495.csv
496,6,-4,frames/image496.gif,frames/log496.csv
497,7,-5,frames/image497.gif,frames/log497.csv
498,6,-4,frames/image498.gif,frames/log498.csv
499,6,-4,frames/image499.gif,frames/log499.csv
500,6,-4,frames/image500.gif,frames/log500.csv
501,6,-4,frames/image501.gif,frames/log501.csv
502,6,-4,frames/image502.gif,frames/log502.csv
503,7,-5,frames/image503.gif,frames/log503.csv
504,8,-6,frames/image504.gif,frames/log504.csv
505,6,-4,frames/image505.gif,frames/log505.csv
506,7,-5,frames/image506.gif,frames/log506.csv
507,6,-4,frames/image507.gif,frames/log507.csv
508,6,-4,frames/image508.gif,frames/log508.csv
509,9,-7,frames/image509.gif,frames/log509.csv
510,12,-10,frames/image510.gif,frames/log510.csv
511,6,-4,frames/image511.gif,frames/log511.csv
512,6,-4,frames/image512.gif,frames/log512.csv
513,6,-4,frames/image513.gif,frames/log513.csv
514,9,-7,frames/image514.gif,frames/log514.csv
515,6,-4,frames/image515.gif,frames/log515.csv
516,7,-5,frames/image516.gif,frames/log516.csv
517,12,-10,frames/image517.gif,frames/log517.csv
518,7,-5,frames/image518.gif,frames/log518.csv
519,8,-6,frames/image519.gif,frames/log519.csv
520,6,-4,frames/image520.gif,frames/log520.csv
521,6,-4,frames/image521.gif,frames/log521.csv
522,6,-4,frames/image522.gif,frames/log522.csv
523,6,-4,frames/image523.gif,frames/log523.csv
524,10,-8,frames/image524.gif,frames/log524.csv
525,6,-4,frames/image525.gif,frames/log525.csv
526,6,-4,frames/image526.gif,frames/log526.csv
527,8,-6,frames/image527.gif,frames/log527.csv
528,8,-6,frames/image528.gif,frames/log528.csv
529,12,-10,frames/image529.gif,frames/log529.csv
530,10,-8,frames/image530.gif,frames/log530.csv
531,8,-6,frames/image531.gif,frames/log531.csv
532,6,-4,frames/image532.gif,frames/log532.csv
533,6,-4,frames/image533.gif,frames/log533.csv
534,6,-4,frames/image534.gif,frames/log534.csv
535,12,-10,frames/image535.gif,frames/log535.csv
536,7,-5,frames/image536.gif,frames/log536.csv
537,6,-4,frames/image537.gif,frames/log537.csv
538,6,-4,frames/image538.gif,frames/log538.csv
539,6,-4,frames/image539.gif,frames/log539.csv
540,6,-4,frames/image540.gif,frames/log540.csv
541,12,-10,frames/image541.gif,frames/log541.csv
542,6,-4,frames/image542.gif,frames/log542.csv
543,6,-4,frames/image543.gif,frames/log543.csv
544,6,-4,frames/image544.gif,frames/log544.csv
545,11,-9,frames/image545.gif,frames/log545.csv
546,6,-4,frames/image546.gif,frames/log546.csv
547,6,-4,frames/image547.gif,frames/log547.csv
548,6,-4,frames/image548.gif,frames/log548.csv
549,10,-8,frames/image549.gif,frames/log549.csv
550,7,-5,frames/image550.gif,frames/log550.csv
551,12,-10,frames/image551.gif,frames/log551.csv
552,6,-4,frames/image552.gif,frames/log552.csv
553,6,-4,frames/image553.gif,frames/log553.csv
554,6,-4,frames/image554.gif,frames/log554.csv
555,6,-4,frames/image555.gif,frames/log555.csv
556,6,-4,frames/image556.gif,frames/log556.csv
557,6,-4,frames/image557.gif,frames/log557.csv
558,6,-4,frames/image558.gif,frames/log558.csv
559,6,-4,frames/image559.gif,frames/log559.csv
560,8,-6,frames/image560.gif,frames/log560.csv
561,6,-4,frames/image561.gif,frames/log561.csv
562,6,-4,frames/image562.gif,frames/log562.csv
563,6,-4,frames/image563.gif,frames/log563.csv
564,13,-11,frames/image564.gif,frames/log564.csv
565,16,-14,frames/image565.gif,frames/log565.csv
566,10,-8,frames/image566.gif,frames/log566.csv
567,13,-11,frames/image567.gif,frames/log567.csv
568,6,-4,frames/image568.gif,frames/log568.csv
569,6,-4,frames/image569.gif,frames/log569.csv
570,6,-4,frames/image570.gif,frames/log570.csv
571,7,-5,frames/image571.gif,frames/log571.csv
572,9,-7,frames/image572.gif,frames/log572.csv
573,12,-10,frames/image573.gif,frames/log573.csv
574,20,-18,frames/image574.gif,frames/log574.csv
575,11,-9,frames/image575.gif,frames/log575.csv
576,6,-4,frames/image576.gif,frames/log576.csv
577,6,-4,frames/image577.gif,frames/log577.csv
578,6,-4,frames/image578.gif,frames/log578.csv
579,8,-6,frames/image579.gif,frames/log579.csv
580,6,-4,frames/image580.gif,frames/log580.csv
581,10,-8,frames/image581.gif,frames/log581.csv
582,8,-6,frames/image582.gif,frames/log582.csv
583,8,-6,frames/image583.gif,frames/log583.csv
584,8,-6,frames/image584.gif,frames/log584.csv
585,9,-7,frames/image585.gif,frames/log585.csv
586,13,-11,frames/image586.gif,frames/log586.csv
587,7,-5,frames/image587.gif,frames/log587.csv
588,6,-4,frames/image588.gif,frames/log588.csv
589,28,-26,frames/image589.gif,frames/log589.csv
590,9,-7,frames/image590.gif,frames/log590.csv
591,11,-9,frames/image591.gif,frames/log591.csv
592,13,-11,frames/image592.gif,frames/log592.csv
593,13,-11,frames/image593.gif,frames/log593.csv
594,9,-7,frames/image594.gif,frames/log594.csv
595,6,-4,frames/image595.gif,frames/log595.csv
596,10,-8,frames/image596.gif,frames/log596.csv
597,9,-7,frames/image597.gif,frames/log597.csv
598,8,-6,frames/image598.gif,frames/log598.csv
599,6,-4,frames/image599.gif,frames/log599.csv
600,13,-11,frames/image600.gif,frames/log600.csv
601,13,-11,frames/image601.gif,frames/log601.csv
602,11,-9,frames/image602.gif,frames/log602.csv
603,7,-5,frames/image603.gif,frames/log603.csv
604,6,-4,frames/image604.gif,frames/log604.csv
605,6,-4,frames/image605.gif,frames/log605.csv
606,6,-4,frames/image606.gif,frames/log606.csv
607,8,-6,frames/image607.gif,frames/log607.csv
608,6,-4,frames/image608.gif,frames/log608.csv
609,10,-8,frames/image609.gif,frames/log609.csv
610,10,-8,frames/image610.gif,frames/log610.csv
611,6,-4,frames/image611.gif,frames/log611.csv
612,8,-6,frames/image612.gif,frames/log612.csv
613,10,-8,frames/image613.gif,frames/log613.csv
614,6,-4,frames/image614.gif,frames/log614.csv
615,6,-4,frames/image615.gif,frames/log615.csv
616,6,-4,frames/image616.gif,frames/log616.csv
617,6,-4,frames/image617.gif,frames/log617.csv
618,13,-11,frames/image618.gif,frames/log618.csv
619,9,-7,frames/image619.gif,frames/log619.csv
620,16,-14,frames/image620.gif,frames/log620.csv
621,12,-10,frames/image621.gif,frames/log621.csv
622,9,-7,frames/image622.gif,frames/log622.csv
623,11,-9,frames/image623.gif,frames/log623.csv
624,7,-5,frames/image624.gif,frames/log624.csv
625,13,-11,frames/image625.gif,frames/log625.csv
626,6,-4,frames/image626.gif,frames/log626.csv
627,6,-4,frames/image627.gif,frames/log627.csv
628,6,-4,frames/image628.gif,frames/log628.csv
629,6,-4,frames/image629.gif,frames/log629.csv
630,8,-6,frames/image630.gif,frames/log630.csv
631,6,-4,frames/image631.gif,frames/log631.csv
632,7,-5,frames/image632.gif,frames/log632.csv
633,6,-4,frames/image633.gif,frames/log633.csv
634,6,-4,frames/image634.gif,frames/log634.csv
635,6,-4,frames/image635.gif,frames/log635.csv
636,6,-4,frames/image636.gif,frames/log636.csv
637,8,-6,frames/image637.gif,frames/log637.csv
638,6,-4,frames/image638.gif,frames/log638.csv
639,6,-4,frames/image639.gif,frames/log639.csv
640,8,-6,frames/image640.gif,frames/log640.csv
641,6,-4,frames/image641.gif,frames/log641.csv
642,6,-4,frames/image642.gif,frames/log642.csv
643,6,-4,frames/image643.gif,frames/log643.csv
644,6,-4,frames/image644.gif,frames/log644.csv
645,6,-4,frames/image645.gif,frames/log645.csv
646,12,-10,frames/image646.gif,frames/log646.csv
647,6,-4,frames/image647.gif,frames/log647.csv
648,6,-4,frames/image648.gif,frames/log648.csv
649,6,-4,frames/image649.gif,frames/log649.csv
650,6,-4,frames/image650.gif,frames/log650.csv
651,8,-6,frames/image651.gif,frames/log651.csv
652,10,-8,frames/image652.gif,frames/log652.csv
653,6,-4,frames/image653.gif,frames/log653.csv
654,6,-4,frames/image654.gif,frames/log654.csv
655,6,-4,frames/image655.gif,frames/log655.csv
656,6,-4,frames/image656.gif,frames/log656.csv
657,6,-4,frames/image657.gif,frames/log657.csv
658,6,-4,frames/image658.gif,frames/log658.csv
659,6,-4,frames/image659.gif,frames/log659.csv
660,6,-4,frames/image660.gif,frames/log660.csv
661,7,-5,frames/image661.gif,frames/log661.csv
662,8,-6,frames/image662.gif,frames/log662.csv
663,6,-4,frames/image663.gif,frames/log663.csv
664,6,-4,frames/image664.gif,frames/log664.csv
665,8,-6,frames/image665.gif,frames/log665.csv
666,6,-4,frames/image666.gif,frames/log666.csv
667,8,-6,frames/image667.gif,frames/log667.csv
668,6,-4,frames/image668.gif,frames/log668.csv
669,6,-4,frames/image669.gif,frames/log669.csv
670,6,-4,frames/image670.gif,frames/log670.csv
671,8,-6,frames/image671.gif,frames/log671.csv
672,6,-4,frames/image672.gif,frames/log672.csv
673,6,-4,frames/image673.gif,frames/log673.csv
674,6,-4,frames/image674.gif,frames/log674.csv
675,6,-4,frames/image675.gif,frames/log675.csv
676,6,-4,frames/image676.gif,frames/log676.csv
677,9,-7,frames/image677.gif,frames/log677.csv
678,6,-4,frames/image678.gif,frames/log678.csv
679,6,-4,frames/image679.gif,frames/log679.csv
680,7,-5,frames/image680.gif,frames/log680.csv
681,6,-4,frames/image681.gif,frames/log681.csv
682,9,-7,frames/image682.gif,frames/log682.csv
683,6,-4,frames/image683.gif,frames/log683.csv
684,6,-4,frames/image684.gif,frames/log684.csv
685,8,-6,frames/image685.gif,frames/log685.csv
686,7,-5,frames/image686.gif,frames/log686.csv
687,8,-6,frames/image687.gif,frames/log687.csv
688,7,-5,frames/image688.gif,frames/log688.csv
689,6,-4,frames/image689.gif,frames/log689.csv
690,8,-6,frames/image690.gif,frames/log690.csv
691,8,-6,frames/image691.gif,frames/log691.csv
692,8,-6,frames/image692.gif,frames/log692.csv
693,6,-4,frames/image693.gif,frames/log693.csv
694,8,-6,frames/image694.gif,frames/log694.csv
695,7,-5,frames/image695.gif,frames/log695.csv
696,6,-4,frames/image696.gif,frames/log696.csv
697,6,-4,frames/image697.gif,frames/log697.csv
698,7,-5,frames/image698.gif,frames/log698.csv
699,6,-4,frames/image699.gif,frames/log699.csv
700,6,-4,frames/image700.gif,frames/log700.csv
701,9,-7,frames/image701.gif,frames/log701.csv
702,6,-4,frames/image702.gif,frames/log702.csv
703,9,-7,frames/image703.gif,frames/log703.csv
704,8,-6,frames/image704.gif,frames/log704.csv
705,8,-6,frames/image705.gif,frames/log705.csv
706,6,-4,frames/image706.gif,frames/log706.csv
707,6,-4,frames/image707.gif,frames/log707.csv
708,9,-7,frames/image708.gif,frames/log708.csv
709,8,-6,frames/image709.gif,frames/log709.csv
710,10,-8,frames/image710.gif,frames/log710.csv
711,6,-4,frames/image711.gif,frames/log711.csv
712,6,-4,frames/image712.gif,frames/log712.csv
713,6,-4,frames/image713.gif,frames/log713.csv
714,7,-5,frames/image714.gif,frames/log714.csv
715,8,-6,frames/image715.gif,frames/log715.csv
716,6,-4,frames/image716.gif,frames/log716.csv
717,6,-4,frames/image717.gif,frames/log717.csv
718,8,-6,frames/image718.gif,frames/log718.csv
719,8,-6,frames/image719.gif,frames/log719.csv
720,7,-5,frames/image720.gif,frames/log720.csv
721,6,-4,frames/image721.gif,frames/log721.csv
722,8,-6,frames/image722.gif,frames/log722.csv
723,6,-4,frames/image723.gif,frames/log723.csv
724,6,-4,frames/image724.gif,frames/log724.csv
725,8,-6,frames/image725.gif,frames/log725.csv
726,6,-4,frames/image726.gif,frames/log726.csv
727,6,-4,frames/image727.gif,frames/log727.csv
728,6,-4,frames/image728.gif,frames/log728.csv
729,9,-7,frames/image729.gif,frames/log729.csv
730,8,-6,frames/image730.gif,frames/log730.csv
731,7,-5,frames/image731.gif,frames/log731.csv
732,6,-4,frames/image732.gif,frames/log732.csv
733,6,-4,frames/image733.gif,frames/log733.csv
734,6,-4,frames/image734.gif,frames/log734.csv
735,6,-4,frames/image735.gif,frames/log735.csv
736,6,-4,frames/image736.gif,frames/log736.csv
737,6,-4,frames/image737.gif,frames/log737.csv
738,7,-5,frames/image738.gif,frames/log738.csv
739,6,-4,frames/image739.gif,frames/log739.csv
740,6,-4,frames/image740.gif,frames/log740.csv
741,6,-4,frames/image741.gif,frames/log741.csv
742,6,-4,frames/image742.gif,frames/log742.csv
743,6,-4,frames/image743.gif,frames/log743.csv
744,6,-4,frames/image744.gif,frames/log744.csv
745,7,-5,frames/image745.gif,frames/log745.csv
746,6,-4,frames/image746.gif,frames/log746.csv
747,6,-4,frames/image747.gif,frames/log747.csv
748,6,-4,frames/image748.gif,frames/log748.csv
749,6,-4,frames/image749.gif,frames/log749.csv
750,6,-4,frames/image750.gif,frames/log750.csv
751,6,-4,frames/image751.gif,frames/log751.csv
752,6,-4,frames/image752.gif,frames/log752.csv
753,6,-4,frames/image753.gif,frames/log753.csv
754,6,-4,frames/image754.gif,frames/log754.csv
755,6,-4,frames/image755.gif,frames/log755.csv
756,6,-4,frames/image756.gif,frames/log756.csv
757,11,-9,frames/image757.gif,frames/log757.csv
758,8,-6,frames/image758.gif,frames/log758.csv
759,7,-5,frames/image759.gif,frames/log759.csv
760,6,-4,frames/image760.gif,frames/log760.csv
761,6,-4,frames/image761.gif,frames/log761.csv
762,8,-6,frames/image762.gif,frames/log762.csv
763,8,-6,frames/image763.gif,frames/log763.csv
764,13,-11,frames/image764.gif,frames/log764.csv
765,6,-4,frames/image765.gif,frames/log765.csv
766,10,-8,frames/image766.gif,frames/log766.csv
767,6,-4,frames/image767.gif,frames/log767.csv
768,8,-6,frames/image768.gif,frames/log768.csv
769,7,-5,frames/image769.gif,frames/log769.csv
770,8,-6,frames/image770.gif,frames/log770.csv
771,6,-4,frames/image771.gif,frames/log771.csv
772,6,-4,frames/image772.gif,frames/log772.csv
773,10,-8,frames/image773.gif,frames/log773.csv
774,6,-4,frames/image774.gif,frames/log774.csv
775,8,-6,frames/image775.gif,frames/log775.csv
776,6,-4,frames/image776.gif,frames/log776.csv
777,8,-6,frames/image777.gif,frames/log777.csv
778,9,-7,frames/image778.gif,frames/log778.csv
779,7,-5,frames/image779.gif,frames/log779.csv
780,8,-6,frames/image780.gif,frames/log780.csv
781,8,-6,frames/image781.gif,frames/log781.csv
782,6,-4,frames/image782.gif,frames/log782.csv
783,7,-5,frames/image783.gif,frames/log783.csv
784,8,-6,frames/image784.gif,frames/log784.csv
785,6,-4,frames/image785.gif,frames/log785.csv
786,8,-6,frames/image786.gif,frames/log786.csv
787,6,-4,frames/image787.gif,frames/log787.csv
788,7,-5,frames/image788.gif,frames/log788.csv
789,7,-5,frames/image789.gif,frames/log789.csv
790,7,-5,frames/image790.gif,frames/log790.csv
791,6,-4,frames/image791.gif,frames/log791.csv
792,6,-4,frames/image792.gif,frames/log792.csv
793,6,-4,frames/image793.gif,frames/log793.csv
794,6,-4,frames/image794.gif,frames/log794.csv
795,12,-10,frames/image795.gif,frames/log795.csv
796,10,-8,frames/image796.gif,frames/log796.csv
797,7,-5,frames/image797.gif,frames/log797.csv
798,7,-5,frames/image798.gif,frames/log798.csv
799,8,-6,frames/image799.gif,frames/log799.csv
800,7,-5,frames/image800.gif,frames/log800.csv
801,6,-4,frames/image801.gif,frames/log801.csv
802,7,-5,frames/image802.gif,frames/log802.csv
803,12,-10,frames/image803.gif,frames/log803.csv
804,8,-6,frames/image804.gif,frames/log804.csv
805,8,-6,frames/image805.gif,frames/log805.csv
806,11,-9,frames/image806.gif,frames/log806.csv
807,8,-6,frames/image807.gif,frames/log807.csv
808,6,-4,frames/image808.gif,frames/log808.csv
809,12,-10,frames/image809.gif,frames/log809.csv
810,8,-6,frames/image810.gif,frames/log810.csv
811,10,-8,frames/image811.gif,frames/log811.csv
812,6,-4,frames/image812.gif,frames/log812.csv
813,10,-8,frames/image813.gif,frames/log813.csv
814,7,-5,frames/image814.gif,frames/log814.csv
815,8,-6,frames/image815.gif,frames/log815.csv
816,7,-5,frames/image816.gif,frames/log816.csv
817,8,-6,frames/image817.gif,frames/log817.csv
818,8,-6,frames/image818.gif,frames/log818.csv
819,7,-5,frames/image819.gif,frames/log819.csv
820,8,-6,frames/image820.gif,frames/log820.csv
821,6,-4,frames/image821.gif,frames/log821.csv
822,9,-7,frames/image822.gif,frames/log822.csv
823,6,-4,frames/image823.gif,frames/log823.csv
824,11,-9,frames/image824.gif,frames/log824.csv
825,8,-6,frames/image825.gif,frames/log825.csv
826,11,-9,frames/image826.gif,frames/log826.csv
827,6,-4,frames/image827.gif,frames/log827.csv
828,7,-5,frames/image828.gif,frames/log828.csv
829,20,-18,frames/image829.gif,frames/log829.csv
830,6,-4,frames/image830.gif,frames/log830.csv
831,6,-4,frames/image831.gif,frames/log831.csv
832,6,-4,frames/image832.gif,frames/log832.csv
833,10,-8,frames/image833.gif,frames/log833.csv
834,9,-7,frames/image834.gif,frames/log834.csv
835,7,-5,frames/image835.gif,frames/log835.csv
836,10,-8,frames/image836.gif,frames/log836.csv
837,6,-4,frames/image837.gif,frames/log837.csv
838,6,-4,frames/image838.gif,frames/log838.csv
839,10,-8,frames/image839.gif,frames/log839.csv
840,14,-12,frames/image840.gif,frames/log840.csv
841,9,-7,frames/image841.gif,frames/log841.csv
842,9,-7,frames/image842.gif,frames/log842.csv
843,17,-15,frames/image843.gif,frames/log843.csv
844,9,-7,frames/image844.gif,frames/log844.csv
845,6,-4,frames/image845.gif,frames/log845.csv
846,6,-4,frames/image846.gif,frames/log846.csv
847,8,-6,frames/image847.gif,frames/log847.csv
848,10,-8,frames/image848.gif,frames/log848.csv
849,7,-5,frames/image849.gif,frames/log849.csv
850,6,-4,frames/image850.gif,frames/log850.csv
851,15,-13,frames/image851.gif,frames/log851.csv
852,14,-12,frames/image852.gif,frames/log852.csv
853,6,-4,frames/image853.gif,frames/log853.csv
854,7,-5,frames/image854.gif,frames/log854.csv
855,9,-7,frames/image855.gif,frames/log855.csv
856,7,-5,frames/image856.gif,frames/log856.csv
857,17,-15,frames/image857.gif,frames/log857.csv
858,11,-9,frames/image858.gif,frames/log858.csv
859,6,-4,frames/image859.gif,frames/log859.csv
860,6,-4,frames/image860.gif,frames/log860.csv
861,7,-5,frames/image861.gif,frames/log861.csv
862,12,-10,frames/image862.gif,frames/log862.csv
863,6,-4,frames/image863.gif,frames/log863.csv
864,6,-4,frames/image864.gif,frames/log864.csv
865,7,-5,frames/image865.gif,frames/log865.csv
866,8,-6,frames/image866.gif,frames/log866.csv
867,12,-10,frames/image867.gif,frames/log867.csv
868,7,-5,frames/image868.gif,frames/log868.csv
869,6,-4,frames/image869.gif,frames/log869.csv
870,9,-7,frames/image870.gif,frames/log870.csv
871,6,-4,frames/image871.gif,frames/log871.csv
872,10,-8,frames/image872.gif,frames/log872.csv
873,12,-10,frames/image873.gif,frames/log873.csv
874,6,-4,frames/image874.gif,frames/log874.csv
875,8,-6,frames/image875.gif,frames/log875.csv
876,6,-4,frames/image876.gif,frames/log876.csv
877,6,-4,frames/image877.gif,frames/log877.csv
878,9,-7,frames/image878.gif,frames/log878.csv
879,6,-4,frames/image879.gif,frames/log879.csv
880,8,-6,frames/image880.gif,frames/log880.csv
881,6,-4,frames/image881.gif,frames/log881.csv
882,11,-9,frames/image882.gif,frames/log882.csv
883,8,-6,frames/image883.gif,frames/log883.csv
884,6,-4,frames/image884.gif,frames/log884.csv
885,6,-4,frames/image885.gif,frames/log885.csv
886,6,-4,frames/image886.gif,frames/log886.csv
887,6,-4,frames/image887.gif,frames/log887.csv
888,7,-5,frames/image888.gif,frames/log888.csv
889,7,-5,frames/image889.gif,frames/log889.csv
890,6,-4,frames/image890.gif,frames/log890.csv
891,16,-14,frames/image891.gif,frames/log891.csv
892,6,-4,frames/image892.gif,frames/log892.csv
893,9,-7,frames/image893.gif,frames/log893.csv
894,6,-4,frames/image894.gif,frames/log894.csv
895,6,-4,frames/image895.gif,frames/log895.csv
896,6,-4,frames/image896.gif,frames/log896.csv
897,6,-4,frames/image897.gif,frames/log897.csv
898,14,-12,frames/image898.gif,frames/log898.csv
899,6,-4,frames/image899.gif,frames/log899.csv
900,6,-4,frames/image900.gif,frames/log900.csv
901,13,-11,frames/image901.gif,frames/log901.csv
902,6,-4,frames/image902.gif,frames/log902.csv
903,6,-4,frames/image903.gif,frames/log903.csv
904,6,-4,frames/image904.gif,frames/log904.csv
905,8,-6,frames/image905.gif,frames/log905.csv
906,8,-6,frames/image906.gif,frames/log906.csv
907,6,-4,frames/image907.gif,frames/log907.csv
908,8,-6,frames/image908.gif,frames/log908.csv
909,9,-7,frames/image909.gif,frames/log909.csv
910,6,-4,frames/image910.gif,frames/log910.csv
911,7,-5,frames/image911.gif,frames/log911.csv
912,6,-4,frames/image912.gif,frames/log912.csv
913,6,-4,frames/image913.gif,frames/log913.csv
914,8,-6,frames/image914.gif,frames/log914.csv
915,7,-5,frames/image915.gif,frames/log915.csv
916,6,-4,frames/image916.gif,frames/log916.csv
917,10,-8,frames/image917.gif,frames/log917.csv
918,6,-4,frames/image918.gif,frames/log918.csv
919,8,-6,frames/image919.gif,frames/log919.csv
920,7,-5,frames/image920.gif,frames/log920.csv
921,8,-6,frames/image921.gif,frames/log921.csv
922,10,-8,frames/image922.gif,frames/log922.csv
923,6,-4,frames/image923.gif,frames/log923.csv
924,6,-4,frames/image924.gif,frames/log924.csv
925,6,-4,frames/image925.gif,frames/log925.csv
926,6,-4,frames/image926.gif,frames/log926.csv
927,6,-4,frames/image927.gif,frames/log927.csv
928,6,-4,frames/image928.gif,frames/log928.csv
929,7,-5,frames/image929.gif,frames/log929.csv
930,8,-6,frames/image930.gif,frames/log930.csv
931,6,-4,frames/image931.gif,frames/log931.csv
932,6,-4,frames/image932.gif,frames/log932.csv
933,6,-4,frames/image933.gif,frames/log933.csv
934,10,-8,frames/image934.gif,frames/log934.csv
935,6,-4,frames/image935.gif,frames/log935.csv
936,11,-9,frames/image936.gif,frames/log936.csv
937,6,-4,frames/image937.gif,frames/log937.csv
938,8,-6,frames/image938.gif,frames/log938.csv
939,9,-7,frames/image939.gif,frames/log939.csv
940,7,-5,frames/image940.gif,frames/log940.csv
941,6,-4,frames/image941.gif,frames/log941.csv
942,6,-4,frames/image942.gif,frames/log942.csv
943,6,-4,frames/image943.gif,frames/log943.csv
944,6,-4,frames/image944.gif,frames/log944.csv
945,6,-4,frames/image945.gif,frames/log945.csv
946,6,-4,frames/image946.gif,frames/log946.csv
947,8,-6,frames/image947.gif,frames/log947.csv
948,6,-4,frames/image948.gif,frames/log948.csv
949,6,-4,frames/image949.gif,frames/log949.csv
950,6,-4,frames/image950.gif,frames/log950.csv
951,6,-4,frames/image951.gif,frames/log951.csv
952,6,-4,frames/image952.gif,frames/log952.csv
953,6,-4,frames/image953.gif,frames/log953.csv
954,8,-6,frames/image954.gif,frames/log954.csv
955,6,-4,frames/image955.gif,frames/log955.csv
956,8,-6,frames/image956.gif,frames/log956.csv
957,6,-4,frames/image957.gif,frames/log957.csv
958,6,-4,frames/image958.gif,frames/log958.csv
959,7,-5,frames/image959.gif,frames/log959.csv
960,6,-4,frames/image960.gif,frames/log960.csv
961,9,-7,frames/image961.gif,frames/log961.csv
962,6,-4,frames/image962.gif,frames/log962.csv
963,6,-4,frames/image963.gif,frames/log963.csv
964,6,-4,frames/image964.gif,frames/log964.csv
965,8,-6,frames/image965.gif,frames/log965.csv
966,6,-4,frames/image966.gif,frames/log966.csv
967,6,-4,frames/image967.gif,frames/log967.csv
968,6,-4,frames/image968.gif,frames/log968.csv
969,6,-4,frames/image969.gif,frames/log969.csv
970,8,-6,frames/image970.gif,frames/log970.csv
971,6,-4,frames/image971.gif,frames/log971.csv
972,6,-4,frames/image972.gif,frames/log972.csv
973,6,-4,frames/image973.gif,frames/log973.csv
974,6,-4,frames/image974.gif,frames/log974.csv
975,6,-4,frames/image975.gif,frames/log975.csv
976,6,-4,frames/image976.gif,frames/log976.csv
977,6,-4,frames/image977.gif,frames/log977.csv
978,6,-4,frames/image978.gif,frames/log978.csv
979,6,-4,frames/image979.gif,frames/log979.csv
980,8,-6,frames/image980.gif,frames/log980.csv
981,6,-4,frames/image981.gif,frames/log981.csv
982,8,-6,frames/image982.gif,frames/log982.csv
983,6,-4,frames/image983.gif,frames/log983.csv
984,6,-4,frames/image984.gif,frames/log984.csv
985,9,-7,frames/image985.gif,frames/log985.csv
986,6,-4,frames/image986.gif,frames/log986.csv
987,8,-6,frames/image987.gif,frames/log987.csv
988,8,-6,frames/image988.gif,frames/log988.csv
989,6,-4,frames/image989.gif,frames/log989.csv
990,12,-10,frames/image990.gif,frames/log990.csv
991,6,-4,frames/image991.gif,frames/log991.csv
992,7,-5,frames/image992.gif,frames/log992.csv
993,6,-4,frames/image993.gif,frames/log993.csv
994,6,-4,frames/image994.gif,frames/log994.csv
995,7,-5,frames/image995.gif,frames/log995.csv
996,6,-4,frames/image996.gif,frames/log996.csv
997,6,-4,frames/image997.gif,frames/log997.csv
998,6,-4,frames/image998.gif,frames/log998.csv
999,6,-4,frames/image999.gif,frames/log999.csv
1000,6,-4,frames/image1000.gif,frames/log1000.csv
1001,6,-4,frames/image1001.gif,frames/log1001.csv
1002,6,-4,frames/image1002.gif,frames/log1002.csv
1003,7,-5,frames/image1003.gif,frames/log1003.csv
1004,8,-6,frames/image1004.gif,frames/log1004.csv
1005,6,-4,frames/image1005.gif,frames/log1005.csv
1006,6,-4,frames/image1006.gif,frames/log1006.csv
1007,6,-4,frames/image1007.gif,frames/log1007.csv
1008,6,-4,frames/image1008.gif,frames/log1008.csv
1009,6,-4,frames/image1009.gif,frames/log1009.csv
1010,6,-4,frames/image1010.gif,frames/log1010.csv
1011,6,-4,frames/image1011.gif,frames/log1011.csv
1012,6,-4,frames/image1012.gif,frames/log1012.csv
1013,6,-4,frames/image1013.gif,frames/log1013.csv
1014,7,-5,frames/image1014.gif,frames/log1014.csv
1015,6,-4,frames/image1015.gif,frames/log1015.csv
1016,8,-6,frames/image1016.gif,frames/log1016.csv
1017,6,-4,frames/image1017.gif,frames/log1017.csv
1018,6,-4,frames/image1018.gif,frames/log1018.csv
1019,6,-4,frames/image1019.gif,frames/log1019.csv
1020,6,-4,frames/image1020.gif,frames/log1020.csv
1021,8,-6,frames/image1021.gif,frames/log1021.csv
1022,8,-6,frames/image1022.gif,frames/log1022.csv
1023,8,-6,frames/image1023.gif,frames/log1023.csv
1024,6,-4,frames/image1024.gif,frames/log1024.csv
1025,6,-4,frames/image1025.gif,frames/log1025.csv
1026,6,-4,frames/image1026.gif,frames/log1026.csv
1027,9,-7,frames/image1027.gif,frames/log1027.csv
1028,6,-4,frames/image1028.gif,frames/log1028.csv
1029,6,-4,frames/image1029.gif,frames/log1029.csv
1030,7,-5,frames/image1030.gif,frames/log1030.csv
1031,6,-4,frames/image1031.gif,frames/log1031.csv
1032,7,-5,frames/image1032.gif,frames/log1032.csv
1033,6,-4,frames/image1033.gif,frames/log1033.csv
1034,6,-4,frames/image1034.gif,frames/log1034.csv
1035,6,-4,frames/image1035.gif,frames/log1035.csv
1036,6,-4,frames/image1036.gif,frames/log1036.csv
1037,6,-4,frames/image1037.gif,frames/log1037.csv
1038,6,-4,frames/image1038.gif,frames/log1038.csv
1039,8,-6,frames/image1039.gif,frames/log1039.csv
1040,7,-5,frames/image1040.gif,frames/log1040.csv
1041,6,-4,frames/image1041.gif,frames/log1041.csv
1042,8,-6,frames/image1042.gif,frames/log1042.csv
1043,6,-4,frames/image1043.gif,frames/log1043.csv
1044,6,-4,frames/image1044.gif,frames/log1044.csv
1045,6,-4,frames/image1045.gif,frames/log1045.csv
1046,6,-4,frames/image1046.gif,frames/log1046.csv
1047,6,-4,frames/image1047.gif,frames/log1047.csv
1048,6,-4,frames/image1048.gif,frames/log1048.csv
1049,8,-6,frames/image1049.gif,frames/log1049.csv
1050,6,-4,frames/image1050.gif,frames/log1050.csv
1051,6,-4,frames/image1051.gif,frames/log1051.csv
1052,6,-4,frames/image1052.gif,frames/log1052.csv
1053,6,-4,frames/image1053.gif,frames/log1053.csv
1054,6,-4,frames/image1054.gif,frames/log1054.csv
1055,7,-5,frames/image1055.gif,frames/log1055.csv
1056,8,-6,frames/image1056.gif,frames/log1056.csv
1057,6,-4,frames/image1057.gif,frames/log1057.csv
1058,6,-4,frames/image1058.gif,frames/log1058.csv
1059,6,-4,frames/image1059.gif,frames/log1059.csv
1060,6,-4,frames/image1060.gif,frames/log1060.csv
1061,6,-4,frames/image1061.gif,frames/log1061.csv
1062,6,-4,frames/image1062.gif,frames/log1062.csv
1063,6,-4,frames/image1063.gif,frames/log1063.csv
1064,6,-4,frames/image1064.gif,frames/log1064.csv
1065,6,-4,frames/image1065.gif,frames/log1065.csv
1066,6,-4,frames/image1066.gif,frames/log1066.csv
1067,6,-4,frames/image1067.gif,frames/log1067.csv
1068,7,-5,frames/image1068.gif,frames/log1068.csv
1069,6,-4,frames/image1069.gif,frames/log1069.csv
1070,6,-4,frames/image1070.gif,frames/log1070.csv
1071,6,-4,frames/image1071.gif,frames/log1071.csv
1072,7,-5,frames/image1072.gif,frames/log1072.csv
1073,6,-4,frames/image1073.gif,frames/log1073.csv
1074,7,-5,frames/image1074.gif,frames/log1074.csv
1075,6,-4,frames/image1075.gif,frames/log1075.csv
1076,6,-4,frames/image1076.gif,frames/log1076.csv
1077,6,-4,frames/image1077.gif,frames/log1077.csv
1078,6,-4,frames/image1078.gif,frames/log1078.csv
1079,8,-6,frames/image1079.gif,frames/log1079.csv
1080,7,-5,frames/image1080.gif,frames/log1080.csv
1081,7,-5,frames/image1081.gif,frames/log1081.csv
1082,6,-4,frames/image1082.gif,frames/log1082.csv
1083,6,-4,frames/image1083.gif,frames/log1083.csv
1084,8,-6,frames/image1084.gif,frames/log1084.csv
1085,7,-5,frames/image1085.gif,frames/log1085.csv
1086,6,-4,frames/image1086.gif,frames/log1086.csv
1087,8,-6,frames/image1087.gif,frames/log1087.csv
1088,6,-4,frames/image1088.gif,frames/log1088.csv
1089,6,-4,frames/image1089.gif,frames/log1089.csv
1090,7,-5,frames/image1090.gif,frames/log1090.csv
1091,6,-4,frames/image1091.gif,frames/log1091.csv
1092,6,-4,frames/image1092.gif,frames/log1092.csv
1093,8,-6,frames/image1093.gif,frames/log1093.csv
1094,8,-6,frames/image1094.gif,frames/log1094.csv
1095,6,-4,frames/image1095.gif,frames/log1095.csv
1096,7,-5,frames/image1096.gif,frames/log1096.csv
1097,7,-5,frames/image1097.gif,frames/log1097.csv
1098,6,-4,frames/image1098.gif,frames/log1098.csv
1099,6,-4,frames/image1099.gif,frames/log1099.csv
1100,6,-4,frames/image1100.gif,frames/log1100.csv
1101,8,-6,frames/image1101.gif,frames/log1101.csv
1102,8,-6,frames/image1102.gif,frames/log1102.csv
1103,6,-4,frames/image1103.gif,frames/log1103.csv
1104,8,-6,frames/image1104.gif,frames/log1104.csv
1105,6,-4,frames/image1105.gif,frames/log1105.csv
1106,6,-4,frames/image1106.gif,frames/log1106.csv
1107,6,-4,frames/image1107.gif,frames/log1107.csv
1108,6,-4,frames/image1108.gif,frames/log1108.csv
1109,8,-6,frames/image1109.gif,frames/log1109.csv
1110,6,-4,frames/image1110.gif,frames/log1110.csv
1111,6,-4,frames/image1111.gif,frames/log1111.csv
1112,6,-4,frames/image1112.gif,frames/log1112.csv
1113,6,-4,frames/image1113.gif,frames/log1113.csv
1114,6,-4,frames/image1114.gif,frames/log1114.csv
1115,8,-6,frames/image1115.gif,frames/log1115.csv
1116,6,-4,frames/image1116.gif,frames/log1116.csv
1117,6,-4,frames/image1117.gif,frames/log1117.csv
1118,6,-4,frames/image1118.gif,frames/log1118.csv
1119,6,-4,frames/image1119.gif,frames/log1119.csv
1120,6,-4,frames/image1120.gif,frames/log1120.csv
1121,6,-4,frames/image1121.gif,frames/log1121.csv
1122,6,-4,frames/image1122.gif,frames/log1122.csv
1123,6,-4,frames/image1123.gif,frames/log1123.csv
1124,6,-4,frames/image1124.gif,frames/log1124.csv
1125,6,-4,frames/image1125.gif,frames/log1125.csv
1126,6,-4,frames/image1126.gif,frames/log1126.csv
1127,6,-4,frames/image1127.gif,frames/log1127.csv
1128,7,-5,frames/image1128.gif,frames/log1128.csv
1129,8,-6,frames/image1129.gif,frames/log1129.csv
1130,6,-4,frames/image1130.gif,frames/log1130.csv
1131,9,-7,frames/image1131.gif,frames/log1131.csv
1132,6,-4,frames/image1132.gif,frames/log1132.csv
1133,6,-4,frames/image1133.gif,frames/log1133.csv
1134,6,-4,frames/image1134.gif,frames/log1134.csv
1135,9,-7,frames/image1135.gif,frames/log1135.csv
1136,6,-4,frames/image1136.gif,frames/log1136.csv
1137,8,-6,frames/image1137.gif,frames/log1137.csv
1138,6,-4,frames/image1138.gif,frames/log1138.csv
1139,7,-5,frames/image1139.gif,frames/log1139.csv
1140,6,-4,frames/image1140.gif,frames/log1140.csv
1141,6,-4,frames/image1141.gif,frames/log1141.csv
1142,6,-4,frames/image1142.gif,frames/log1142.csv
1143,6,-4,frames/image1143.gif,frames/log1143.csv
1144,6,-4,frames/image1144.gif,frames/log1144.csv
1145,9,-7,frames/image1145.gif,frames/log1145.csv
1146,6,-4,frames/image1146.gif,frames/log1146.csv
1147,8,-6,frames/image1147.gif,frames/log1147.csv
1148,6,-4,frames/image1148.gif,frames/log1148.csv
1149,6,-4,frames/image1149.gif,frames/log1149.csv
1150,6,-4,frames/image1150.gif,frames/log1150.csv
1151,6,-4,frames/image1151.gif,frames/log1151.csv
1152,6,-4,frames/image1152.gif,frames/log1152.csv
1153,6,-4,frames/image1153.gif,frames/log1153.csv
1154,6,-4,frames/image1154.gif,frames/log1154.csv
1155,8,-6,frames/image1155.gif,frames/log1155.csv
1156,6,-4,frames/image1156.gif,frames/log1156.csv
1157,8,-6,frames/image1157.gif,frames/log1157.csv
1158,8,-6,frames/image1158.gif,frames/log1158.csv
1159,6,-4,frames/image1159.gif,frames/log1159.csv
1160,8,-6,frames/image1160.gif,frames/log1160.csv
1161,8,-6,frames/image1161.gif,frames/log1161.csv
1162,6,-4,frames/image1162.gif,frames/log1162.csv
1163,6,-4,frames/image1163.gif,frames/log1163.csv
1164,6,-4,frames/image1164.gif,frames/log1164.csv
1165,8,-6,frames/image1165.gif,frames/log1165.csv
1166,8,-6,frames/image1166.gif,frames/log1166.csv
1167,7,-5,frames/image1167.gif,frames/log1167.csv
1168,8,-6,frames/image1168.gif,frames/log1168.csv
1169,6,-4,frames/image1169.gif,frames/log1169.csv
1170,6,-4,frames/image1170.gif,frames/log1170.csv
1171,6,-4,frames/image1171.gif,frames/log1171.csv
1172,6,-4,frames/image1172.gif,frames/log1172.csv
1173,8,-6,frames/image1173.gif,frames/log1173.csv
1174,6,-4,frames/image1174.gif,frames/log1174.csv
1175,6,-4,frames/image1175.gif,frames/log1175.csv
1176,7,-5,frames/image1176.gif,frames/log1176.csv
1177,6,-4,frames/image1177.gif,frames/log1177.csv
1178,8,-6,frames/image1178.gif,frames/log1178.csv
1179,6,-4,frames/image1179.gif,frames/log1179.csv
1180,7,-5,frames/image1180.gif,frames/log1180.csv
1181,6,-4,frames/image1181.gif,frames/log1181.csv
1182,8,-6,frames/image1182.gif,frames/log1182.csv
1183,6,-4,frames/image1183.gif,frames/log1183.csv
1184,6,-4,frames/image1184.gif,frames/log1184.csv
1185,8,-6,frames/image1185.gif,frames/log1185.csv
1186,8,-6,frames/image1186.gif,frames/log1186.csv
1187,6,-4,frames/image1187.gif,frames/log1187.csv
1188,7,-5,frames/image1188.gif,frames/log1188.csv
1189,7,-5,frames/image1189.gif,frames/log1189.csv
1190,6,-4,frames/image1190.gif,frames/log1190.csv
1191,6,-4,frames/image1191.gif,frames/log1191.csv
1192,6,-4,frames/image1192.gif,frames/log1192.csv
1193,6,-4,frames/image1193.gif,frames/log1193.csv
1194,6,-4,frames/image1194.gif,frames/log1194.csv
1195,6,-4,frames/image1195.gif,frames/log1195.csv
1196,8,-6,frames/image1196.gif,frames/log1196.csv
1197,6,-4,frames/image1197.gif,frames/log1197.csv
1198,6,-4,frames/image1198.gif,frames/log1198.csv
1199,6,-4,frames/image1199.gif,frames/log1199.csv
1200,6,-4,frames/image1200.gif,frames/log1200.csv
1201,6,-4,frames/image1201.gif,frames/log1201.csv
1202,6,-4,frames/image1202.gif,frames/log1202.csv
1203,8,-6,frames/image1203.gif,frames/log1203.csv
1204,6,-4,frames/image1204.gif,frames/log1204.csv
1205,6,-4,frames/image1205.gif,frames/log1205.csv
1206,7,-5,frames/image1206.gif,frames/log1206.csv
1207,7,-5,frames/image1207.gif,frames/log1207.csv
1208,6,-4,frames/image1208.gif,frames/log1208.csv
1209,6,-4,frames/image1209.gif,frames/log1209.csv
1210,6,-4,frames/image1210.gif,frames/log1210.csv
1211,6,-4,frames/image1211.gif,frames/log1211.csv
1212,6,-4,frames/image1212.gif,frames/log1212.csv
1213,8,-6,frames/image1213.gif,frames/log1213.csv
1214,6,-4,frames/image1214.gif,frames/log1214.csv
1215,6,-4,frames/image1215.gif,frames/log1215.csv
1216,8,-6,frames/image1216.gif,frames/log1216.csv
1217,10,-8,frames/image1217.gif,frames/log1217.csv
1218,6,-4,frames/image1218.gif,frames/log1218.csv
1219,6,-4,frames/image1219.gif,frames/log1219.csv
1220,6,-4,frames/image1220.gif,frames/log1220.csv
1221,6,-4,frames/image1221.gif,frames/log1221.csv
1222,6,-4,frames/image1222.gif,frames/log1222.csv
1223,6,-4,frames/image1223.gif,frames/log1223.csv
1224,6,-4,frames/image1224.gif,frames/log1224.csv
1225,6,-4,frames/image1225.gif,frames/log1225.csv
1226,7,-5,frames/image1226.gif,frames/log1226.csv
1227,6,-4,frames/image1227.gif,frames/log1227.csv
1228,8,-6,frames/image1228.gif,frames/log1228.csv
1229,6,-4,frames/image1229.gif,frames/log1229.csv
1230,6,-4,frames/image1230.gif,frames/log1230.csv
1231,6,-4,frames/image1231.gif,frames/log1231.csv
1232,8,-6,frames/image1232.gif,frames/log1232.csv
1233,6,-4,frames/image1233.gif,frames/log1233.csv
1234,6,-4,frames/image1234.gif,frames/log1234.csv
1235,8,-6,frames/image1235.gif,frames/log1235.csv
1236,7,-5,frames/image1236.gif,frames/log1236.csv
1237,6,-4,frames/image1237.gif,frames/log1237.csv
1238,7,-5,frames/image1238.gif,frames/log1238.csv
1239,6,-4,frames/image1239.gif,frames/log1239.csv
1240,8,-6,frames/image1240.gif,frames/log1240.csv
1241,6,-4,frames/image1241.gif,frames/log1241.csv
1242,6,-4,frames/image1242.gif,frames/log1242.csv
1243,7,-5,frames/image1243.gif,frames/log1243.csv
1244,6,-4,frames/image1244.gif,frames/log1244.csv
1245,6,-4,frames/image1245.gif,frames/log1245.csv
1246,8,-6,frames/image1246.gif,frames/log1246.csv
1247,8,-6,frames/image1247.gif,frames/log1247.csv
1248,8,-6,frames/image1248.gif,frames/log1248.csv
1249,6,-4,frames/image1249.gif,frames/log1249.csv
1250,6,-4,frames/image1250.gif,frames/log1250.csv
1251,8,-6,frames/image1251.gif,frames/log1251.csv
1252,6,-4,frames/image1252.gif,frames/log1252.csv
1253,6,-4,frames/image1253.gif,frames/log1253.csv
1254,8,-6,frames/image1254.gif,frames/log1254.csv
1255,7,-5,frames/image1255.gif,frames/log1255.csv
1256,8,-6,frames/image1256.gif,frames/log1256.csv
1257,6,-4,frames/image1257.gif,frames/log1257.csv
1258,8,-6,frames/image1258.gif,frames/log1258.csv
1259,6,-4,frames/image1259.gif,frames/log1259.csv
1260,6,-4,frames/image1260.gif,frames/log1260.csv
1261,6,-4,frames/image1261.gif,frames/log1261.csv
1262,8,-6,frames/image1262.gif,frames/log1262.csv
1263,6,-4,frames/image1263.gif,frames/log1263.csv
1264,6,-4,frames/image1264.gif,frames/log1264.csv
1265,6,-4,frames/image1265.gif,frames/log1265.csv
1266,6,-4,frames/image1266.gif,frames/log1266.csv
1267,7,-5,frames/image1267.gif,frames/log1267.csv
1268,6,-4,frames/image1268.gif,frames/log1268.csv
1269,6,-4,frames/image1269.gif,frames/log1269.csv
1270,6,-4,frames/image1270.gif,frames/log1270.csv
1271,6,-4,frames/image1271.gif,frames/log1271.csv
1272,6,-4,frames/image1272.gif,frames/log1272.csv
1273,6,-4,frames/image1273.gif,frames/log1273.csv
1274,6,-4,frames/image1274.gif,frames/log1274.csv
1275,8,-6,frames/image1275.gif,frames/log1275.csv
1276,6,-4,frames/image1276.gif,frames/log1276.csv
1277,6,-4,frames/image1277.gif,frames/log1277.csv
1278,6,-4,frames/image1278.gif,frames/log1278.csv
1279,6,-4,frames/image1279.gif,frames/log1279.csv
1280,8,-6,frames/image1280.gif,frames/log1280.csv
1281,6,-4,frames/image1281.gif,frames/log1281.csv
1282,6,-4,frames/image1282.gif,frames/log1282.csv
1283,6,-4,frames/image1283.gif,frames/log1283.csv
1284,6,-4,frames/image1284.gif,frames/log1284.csv
1285,9,-7,frames/image1285.gif,frames/log1285.csv
1286,6,-4,frames/image1286.gif,frames/log1286.csv
1287,6,-4,frames/image1287.gif,frames/log1287.csv
1288,6,-4,frames/image1288.gif,frames/log1288.csv
1289,8,-6,frames/image1289.gif,frames/log1289.csv
1290,6,-4,frames/image1290.gif,frames/log1290.csv
1291,6,-4,frames/image1291.gif,frames/log1291.csv
1292,7,-5,frames/image1292.gif,frames/log1292.csv
1293,7,-5,frames/image1293.gif,frames/log1293.csv
1294,6,-4,frames/image1294.gif,frames/log1294.csv
1295,6,-4,frames/image1295.gif,frames/log1295.csv
1296,10,-8,frames/image1296.gif,frames/log1296.csv
1297,6,-4,frames/image1297.gif,frames/log1297.csv
1298,8,-6,frames/image1298.gif,frames/log1298.csv
1299,6,-4,frames/image1299.gif,frames/log1299.csv
1300,6,-4,frames/image1300.gif,frames/log1300.csv
1301,6,-4,frames/image1301.gif,frames/log1301.csv
1302,6,-4,frames/image1302.gif,frames/log1302.csv
1303,6,-4,frames/image1303.gif,frames/log1303.csv
1304,6,-4,frames/image1304.gif,frames/log1304.csv
1305,6,-4,frames/image1305.gif,frames/log1305.csv
1306,6,-4,frames/image1306.gif,frames/log1306.csv
1307,6,-4,frames/image1307.gif,frames/log1307.csv
1308,6,-4,frames/image1308.gif,frames/log1308.csv
1309,6,-4,frames/image1309.gif,frames/log1309.csv
1310,6,-4,frames/image1310.gif,frames/log1310.csv
1311,6,-4,frames/image1311.gif,frames/log1311.csv
1312,6,-4,frames/image1312.gif,frames/log1312.csv
1313,6,-4,frames/image1313.gif,frames/log1313.csv
1314,7,-5,frames/image1314.gif,frames/log1314.csv
1315,6,-4,frames/image1315.gif,frames/log1315.csv
1316,7,-5,frames/image1316.gif,frames/log1316.csv
1317,6,-4,frames/image1317.gif,frames/log1317.csv
1318,6,-4,frames/image1318.gif,frames/log1318.csv
1319,6,-4,frames/image1319.gif,frames/log1319.csv
1320,6,-4,frames/image1320.gif,frames/log1320.csv
1321,6,-4,frames/image1321.gif,frames/log1321.csv
1322,6,-4,frames/image1322.gif,frames/log1322.csv
1323,6,-4,frames/image1323.gif,frames/log1323.csv
1324,10,-8,frames/image1324.gif,frames/log1324.csv
1325,6,-4,frames/image1325.gif,frames/log1325.csv
1326,6,-4,frames/image1326.gif,frames/log1326.csv
1327,6,-4,frames/image1327.gif,frames/log1327.csv
1328,6,-4,frames/image1328.gif,frames/log1328.csv
1329,8,-6,frames/image1329.gif,frames/log1329.csv
1330,6,-4,frames/image1330.gif,frames/log1330.csv
1331,6,-4,frames/image1331.gif,frames/log1331.csv
1332,6,-4,frames/image1332.gif,frames/log1332.csv
1333,6,-4,frames/image1333.gif,frames/log1333.csv
1334,6,-4,frames/image1334.gif,frames/log1334.csv
1335,7,-5,frames/image1335.gif,frames/log1335.csv
1336,6,-4,frames/image1336.gif,frames/log1336.csv
1337,6,-4,frames/image1337.gif,frames/log1337.csv
1338,6,-4,frames/image1338.gif,frames/log1338.csv
1339,6,-4,frames/image1339.gif,frames/log1339.csv
1340,6,-4,frames/image1340.gif,frames/log1340.csv
1341,7,-5,frames/image1341.gif,frames/log1341.csv
1342,6,-4,frames/image1342.gif,frames/log1342.csv
1343,7,-5,frames/image1343.gif,frames/log1343.csv
1344,8,-6,frames/image1344.gif,frames/log1344.csv
1345,8,-6,frames/image1345.gif,frames/log1345.csv
1346,9,-7,frames/image1346.gif,frames/log1346.csv
1347,6,-4,frames/image1347.gif,frames/log1347.csv
1348,6,-4,frames/image1348.gif,frames/log1348.csv
1349,8,-6,frames/image1349.gif,frames/log1349.csv
1350,7,-5,frames/image1350.gif,frames/log1350.csv
1351,6,-4,frames/image1351.gif,frames/log1351.csv
1352,6,-4,frames/image1352.gif,frames/log1352.csv
1353,6,-4,frames/image1353.gif,frames/log1353.csv
1354,6,-4,frames/image1354.gif,frames/log1354.csv
1355,6,-4,frames/image1355.gif,frames/log1355.csv
1356,6,-4,frames/image1356.gif,frames/log1356.csv
1357,6,-4,frames/image1357.gif,frames/log1357.csv
1358,7,-5,frames/image1358.gif,frames/log1358.csv
1359,6,-4,frames/image1359.gif,frames/log1359.csv
1360,7,-5,frames/image1360.gif,frames/log1360.csv
1361,6,-4,frames/image1361.gif,frames/log1361.csv
1362,6,-4,frames/image1362.gif,frames/log1362.csv
1363,6,-4,frames/image1363.gif,frames/log1363.csv
1364,6,-4,frames/image1364.gif,frames/log1364.csv
1365,6,-4,frames/image1365.gif,frames/log1365.csv
1366,6,-4,frames/image1366.gif,frames/log1366.csv
1367,8,-6,frames/image1367.gif,frames/log1367.csv
1368,7,-5,frames/image1368.gif,frames/log1368.csv
1369,6,-4,frames/image1369.gif,frames/log1369.csv
1370,6,-4,frames/image1370.gif,frames/log1370.csv
1371,6,-4,frames/image1371.gif,frames/log1371.csv
1372,6,-4,frames/image1372.gif,frames/log1372.csv
1373,11,-9,frames/image1373.gif,frames/log1373.csv
1374,6,-4,frames/image1374.gif,frames/log1374.csv
1375,6,-4,frames/image1375.gif,frames/log1375.csv
1376,10,-8,frames/image1376.gif,frames/log1376.csv
1377,8,-6,frames/image1377.gif,frames/log1377.csv
1378,6,-4,frames/image1378.gif,frames/log1378.csv
1379,6,-4,frames/image1379.gif,frames/log1379.csv
1380,6,-4,frames/image1380.gif,frames/log1380.csv
1381,6,-4,frames/image1381.gif,frames/log1381.csv
1382,6,-4,frames/image1382.gif,frames/log1382.csv
1383,6,-4,frames/image1383.gif,frames/log1383.csv
1384,8,-6,frames/image1384.gif,frames/log1384.csv
1385,8,-6,frames/image1385.gif,frames/log1385.csv
1386,6,-4,frames/image1386.gif,frames/log1386.csv
1387,6,-4,frames/image1387.gif,frames/log1387.csv
1388,7,-5,frames/image1388.gif,frames/log1388.csv
1389,9,-7,frames/image1389.gif,frames/log1389.csv
1390,8,-6,frames/image1390.gif,frames/log1390.csv
1391,8,-6,frames/image1391.gif,frames/log1391.csv
1392,7,-5,frames/image1392.gif,frames/log1392.csv
1393,6,-4,frames/image1393.gif,frames/log1393.csv
1394,6,-4,frames/image1394.gif,frames/log1394.csv
1395,7,-5,frames/image1395.gif,frames/log1395.csv
1396,8,-6,frames/image1396.gif,frames/log1396.csv
1397,6,-4,frames/image1397.gif,frames/log1397.csv
1398,8,-6,frames/image1398.gif,frames/log1398.csv
1399,6,-4,frames/image1399.gif,frames/log1399.csv
1400,6,-4,frames/image1400.gif,frames/log1400.csv
1401,7,-5,frames/image1401.gif,frames/log1401.csv
1402,6,-4,frames/image1402.gif,frames/log1402.csv
1403,7,-5,frames/image1403.gif,frames/log1403.csv
1404,6,-4,frames/image1404.gif,frames/log1404.csv
1405,6,-4,frames/image1405.gif,frames/log1405.csv
1406,6,-4,frames/image1406.gif,frames/log1406.csv
1407,6,-4,frames/image1407.gif,frames/log1407.csv
1408,8,-6,frames/image1408.gif,frames/log1408.csv
1409,10,-8,frames/image1409.gif,frames/log1409.csv
1410,6,-4,frames/image1410.gif,frames/log1410.csv
1411,8,-6,frames/image1411.gif,frames/log1411.csv
1412,6,-4,frames/image1412.gif,frames/log1412.csv
1413,6,-4,frames/image1413.gif,frames/log1413.csv
1414,6,-4,frames/image1414.gif,frames/log1414.csv
1415,8,-6,frames/image1415.gif,frames/log1415.csv
1416,8,-6,frames/image1416.gif,frames/log1416.csv
1417,6,-4,frames/image1417.gif,frames/log1417.csv
1418,8,-6,frames/image1418.gif,frames/log1418.csv
1419,6,-4,frames/image1419.gif,frames/log1419.csv
1420,6,-4,frames/image1420.gif,frames/log1420.csv
1421,8,-6,frames/image1421.gif,frames/log1421.csv
1422,6,-4,frames/image1422.gif,frames/log1422.csv
1423,6,-4,frames/image1423.gif,frames/log1423.csv
1424,6,-4,frames/image1424.gif,frames/log1424.csv
1425,8,-6,frames/image1425.gif,frames/log1425.csv
1426,6,-4,frames/image1426.gif,frames/log1426.csv
1427,6,-4,frames/image1427.gif,frames/log1427.csv
1428,6,-4,frames/image1428.gif,frames/log1428.csv
1429,6,-4,frames/image1429.gif,frames/log1429.csv
1430,7,-5,frames/image1430.gif,frames/log1430.csv
1431,6,-4,frames/image1431.gif,frames/log1431.csv
1432,8,-6,frames/image1432.gif,frames/log1432.csv
1433,6,-4,frames/image1433.gif,frames/log1433.csv
1434,8,-6,frames/image1434.gif,frames/log1434.csv
1435,6,-4,frames/image1435.gif,frames/log1435.csv
1436,6,-4,frames/image1436.gif,frames/log1436.csv
1437,6,-4,frames/image1437.gif,frames/log1437.csv
1438,10,-8,frames/image1438.gif,frames/log1438.csv
1439,8,-6,frames/image1439.gif,frames/log1439.csv
1440,8,-6,frames/image1440.gif,frames/log1440.csv
1441,6,-4,frames/image1441.gif,frames/log1441.csv
1442,7,-5,frames/image1442.gif,frames/log1442.csv
1443,6,-4,frames/image1443.gif,frames/log1443.csv
1444,6,-4,frames/image1444.gif,frames/log1444.csv
1445,6,-4,frames/image1445.gif,frames/log1445.csv
1446,6,-4,frames/image1446.gif,frames/log1446.csv
1447,6,-4,frames/image1447.gif,frames/log1447.csv
1448,6,-4,frames/image1448.gif,frames/log1448.csv
1449,6,-4,frames/image1449.gif,frames/log1449.csv
1450,6,-4,frames/image1450.gif,frames/log1450.csv
1451,6,-4,frames/image1451.gif,frames/log1451.csv
1452,6,-4,frames/image1452.gif,frames/log1452.csv
1453,6,-4,frames/image1453.gif,frames/log1453.csv
1454,8,-6,frames/image1454.gif,frames/log1454.csv
1455,6,-4,frames/image1455.gif,frames/log1455.csv
1456,6,-4,frames/image1456.gif,frames/log1456.csv
1457,6,-4,frames/image1457.gif,frames/log1457.csv
1458,7,-5,frames/image1458.gif,frames/log1458.csv
1459,6,-4,frames/image1459.gif,frames/log1459.csv
1460,6,-4,frames/image1460.gif,frames/log1460.csv
1461,6,-4,frames/image1461.gif,frames/log1461.csv
1462,6,-4,frames/image1462.gif,frames/log1462.csv
1463,8,-6,frames/image1463.gif,frames/log1463.csv
1464,6,-4,frames/image1464.gif,frames/log1464.csv
1465,8,-6,frames/image1465.gif,frames/log1465.csv
1466,10,-8,frames/image1466.gif,frames/log1466.csv
1467,6,-4,frames/image1467.gif,frames/log1467.csv
1468,8,-6,frames/image1468.gif,frames/log1468.csv
1469,8,-6,frames/image1469.gif,frames/log1469.csv
1470,6,-4,frames/image1470.gif,frames/log1470.csv
1471,6,-4,frames/image1471.gif,frames/log1471.csv
1472,7,-5,frames/image1472.gif,frames/log1472.csv
1473,6,-4,frames/image1473.gif,frames/log1473.csv
1474,6,-4,frames/image1474.gif,frames/log1474.csv
1475,6,-4,frames/image1475.gif,frames/log1475.csv
1476,6,-4,frames/image1476.gif,frames/log1476.csv
1477,6,-4,frames/image1477.gif,frames/log1477.csv
1478,6,-4,frames/image1478.gif,frames/log1478.csv
1479,10,-8,frames/image1479.gif,frames/log1479.csv
1480,6,-4,frames/image1480.gif,frames/log1480.csv
1481,6,-4,frames/image1481.gif,frames/log1481.csv
1482,7,-5,frames/image1482.gif,frames/log1482.csv
1483,8,-6,frames/image1483.gif,frames/log1483.csv
1484,6,-4,frames/image1484.gif,frames/log1484.csv
1485,8,-6,frames/image1485.gif,frames/log1485.csv
1486,8,-6,frames/image1486.gif,frames/log1486.csv
1487,8,-6,frames/image1487.gif,frames/log1487.csv
1488,8,-6,frames/image1488.gif,frames/log1488.csv
1489,6,-4,frames/image1489.gif,frames/log1489.csv
1490,6,-4,frames/image1490.gif,frames/log1490.csv
1491,6,-4,frames/image1491.gif,frames/log1491.csv
1492,7,-5,frames/image1492.gif,frames/log1492.csv
1493,8,-6,frames/image1493.gif,frames/log1493.csv
1494,8,-6,frames/image1494.gif,frames/log1494.csv
1495,6,-4,frames/image1495.gif,frames/log1495.csv
1496,8,-6,frames/image1496.gif,frames/log1496.csv
1497,6,-4,frames/image1497.gif,frames/log1497.csv
1498,6,-4,frames/image1498.gif,frames/log1498.csv
1499,10,-8,frames/image1499.gif,frames/log1499.csv
1500,8,-6,frames/image1500.gif,frames/log1500.csv
